Date,Stock,Stock_Open,Stock_Close,Stock_Close_1d,Stock_Close_2d,Stock_Close_5d,Stock_Close_7d,Stock_Close_10d,%Change_Close,%Change_Close_1d,%Change_Close_2d,%Change_Close_5d,%Change_Close_7d,%Change_Close_10d,Close_Classifier,Close_1d_Classifier,Close_2d_Classifier,Close_5d_Classifier,Close_7d_Classifier,Close_10d_Classifier,quarter,adj_percentage_Analysts,adj_percentage_Executives,complexity_value_Analysts,complexity_value_Executives,noun_percentage_Analysts,noun_percentage_Executives,sentiment_value_Analysts,sentiment_value_Executives,verb_percentage_Analysts,verb_percentage_Executives
2010-02-17,AMAT,13.09000015258789,12.989999771118164,12.68000030517578,12.5,12.270000457763672,12.239999771118164,12.390000343322754,-0.7639448457145854,-3.1321607534974127,-4.507258561576469,-6.2643215069948255,-6.493509332019998,-5.347592063448119,hold,short,short,short,short,short,2010Q1,,,,,,,,,,
2010-05-19,AMAT,12.899999618530272,13.020000457763672,12.6899995803833,12.720000267028809,12.520000457763672,12.920000076293944,13.029999732971191,0.9302390913331704,-1.627907320596483,-1.3953438513510017,-2.945730015532324,0.1550423128303206,1.0077528549239536,hold,hold,short,short,hold,hold,2010Q2,,,,,,,,,,
2010-08-18,AMAT,11.350000381469728,11.380000114440918,11.359999656677246,11.09000015258789,10.710000038146973,10.6899995803833,10.710000038146973,0.2643148190564792,0.0880993380744249,-2.290750838267092,-5.638769355176704,-5.814984836158757,-5.638769355176704,hold,buy,short,short,short,short,2010Q3,,,,,,,,,,
2010-11-17,AMAT,12.479999542236328,12.380000114440918,12.649999618530272,12.529999732971191,12.59000015258789,12.520000457763672,12.90999984741211,-0.8012774957000597,1.362180148473647,0.4006425686607325,0.8814151793778926,0.3205201682257103,3.445515392212332,short,hold,hold,hold,hold,hold,2010Q4,,,,,,,,,,
2011-02-24,AMAT,15.6899995803833,15.829999923706056,16.1200008392334,16.43000030517578,16.850000381469727,15.960000038146973,14.960000038146973,0.8922902936070936,2.740607204271148,4.7163846053742375,7.393249407965169,1.7208442637643195,-4.65264220369402,hold,hold,buy,buy,buy,short,2011Q1,,,,,,,,,,
2011-05-24,AMAT,13.829999923706056,13.710000038146973,13.859999656677246,13.640000343322754,13.079999923706056,12.960000038146973,12.729999542236328,-0.8676781360887051,0.2169178100989628,-1.3738219915505696,-5.422993522324047,-6.290671658412752,-7.953726591019077,hold,buy,short,short,short,short,2011Q2,,,,,,,,,,
2011-08-24,AMAT,11.390000343322754,11.359999656677246,10.8100004196167,11.0600004196167,11.31999969482422,10.84000015258789,10.850000381469728,-0.2633949582196048,-5.092185304858857,-2.897277557146985,-0.614579862937161,-4.828798719547836,-4.741000400141301,hold,short,short,short,short,short,2011Q3,,,,,,,,,,
2011-11-16,AMAT,12.399999618530272,12.470000267028809,11.529999732971191,11.229999542236328,10.210000038146973,10.399999618530272,10.770000457763672,0.5645213762259137,-7.016128325189416,-9.4354847765118,-17.66128748190134,-16.129032754253043,-13.145154926704745,hold,short,short,short,short,short,2011Q4,,,,,,,,,,
2012-02-16,AMAT,12.9399995803833,13.210000038146973,12.989999771118164,12.710000038146973,12.630000114440918,12.5600004196167,12.220000267028809,2.0865569282783087,0.3864002500484023,-1.7774308322621692,-2.395668284350904,-2.936624212435604,-5.564137068798613,hold,hold,short,short,short,short,2012Q1,,,,,,,,,,
2012-05-17,AMAT,10.670000076293944,10.479999542236328,10.359999656677246,10.65999984741211,10.380000114440918,10.710000038146973,10.010000228881836,-1.780698525764311,-2.905345992503244,-0.0937228567041337,-2.7179002790949767,0.3748824889129775,-6.185565536015908,hold,hold,hold,hold,buy,hold,2012Q2,,,,,,,,,,
2012-08-15,AMAT,11.729999542236328,11.800000190734863,11.979999542236328,12.0,11.779999732971191,11.770000457763672,11.699999809265137,0.5967659951433341,2.1312873807012735,2.301794273661124,0.4262591021834834,0.3410137859197014,-0.2557522092236327,hold,buy,buy,buy,buy,hold,2012Q3,,,,,,,,,,
2012-11-15,AMAT,10.380000114440918,10.300000190734863,10.149999618530272,10.359999656677246,10.399999618530272,10.359999656677246,10.729999542236328,-0.7707121659349192,-2.2158043677731953,-0.1926826352905982,0.1926734476768613,-0.1926826352905982,3.3718634290618374,hold,short,short,hold,short,hold,2012Q4,,,,,,,,,,
2013-02-13,AMAT,13.770000457763672,13.770000457763672,13.890000343322754,13.739999771118164,13.25,13.229999542236328,13.710000038146973,0.0,0.8714588349299933,-0.2178699030368812,-3.776328543769148,-3.921575145793736,-0.4357328803345852,hold,hold,hold,short,hold,hold,2013Q1,,,,,,,,,,
2013-05-16,AMAT,14.84000015258789,14.65999984741211,14.960000038146973,14.90999984741211,14.600000381469728,14.869999885559082,15.199999809265137,-1.2129400493597144,0.8086245574475666,0.4716960519168982,-1.6172491148951331,0.2021545327677093,2.4258736723426995,short,hold,hold,hold,buy,buy,2013Q2,,,,,,,,,,
2013-08-15,AMAT,15.420000076293944,15.31999969482422,15.619999885559082,15.550000190734863,15.65999984741211,15.449999809265137,15.140000343322754,-0.6485109012642802,1.2970156178702483,0.8430616977802394,1.5564187414442985,0.1945507965159593,-1.815821865018348,hold,buy,buy,buy,buy,short,2013Q3,,,,,,,,,,
2013-11-14,AMAT,17.860000610351562,17.559999465942383,17.520000457763672,16.940000534057617,17.270000457763672,17.270000457763672,17.299999237060547,-1.679737593263578,-1.9036961980327611,-5.151176063010424,-3.303472186030776,-3.303472186030776,-3.135505902314705,short,short,short,short,short,short,2013Q4,,,,,,,,,,
2014-02-12,AMAT,17.790000915527344,17.90999984741211,18.8700008392334,18.959999084472656,18.989999771118164,19.06999969482422,19.010000228881836,0.6745302175899778,6.070825565632303,6.576717868092535,6.74535578322228,7.195046168770432,6.8577810599754425,hold,buy,buy,buy,buy,buy,2014Q1,,,,,,,,,,
2014-05-15,AMAT,18.899999618530273,18.690000534057617,20.209999084472656,20.1200008392334,19.88999938964844,20.579999923706055,20.190000534057617,-1.1111062894771977,6.9312142454119945,6.455033044058846,5.238094132803743,8.88889068298523,6.825401807217912,hold,buy,buy,buy,buy,buy,2014Q2,,,,,,,,,,
2014-08-14,AMAT,21.0,21.149999618530273,22.479999542236328,22.100000381469727,22.200000762939453,22.1200008392334,22.799999237060547,0.7142838977632069,7.047616867792039,5.238097054617746,5.714289347330729,5.333337329682849,8.571424938383556,buy,buy,buy,buy,buy,buy,2014Q3,,,,,,,,,,
2014-11-13,AMAT,22.8700008392334,22.6200008392334,22.81999969482422,22.479999542236328,22.6299991607666,23.239999771118164,24.049999237060547,-1.093135071386294,-0.2186320182525001,-1.7052963825345584,-1.0494170076945293,1.617835235274823,5.159590531377969,short,short,short,short,hold,hold,2014Q4,,,,,,,,,,
2015-02-11,AMAT,24.270000457763672,24.260000228881836,24.13999938964844,24.1200008392334,24.93000030517578,24.90999984741211,24.90999984741211,-0.041204073725664,-0.5356450995601388,-0.6180453881379735,2.719405994905878,2.63699784745455,2.63699784745455,short,short,short,hold,hold,hold,2015Q1,,,,,,,,,,
2015-05-14,AMAT,20.030000686645508,19.86000061035156,20.200000762939453,20.190000534057617,20.149999618530273,19.989999771118164,20.1299991607666,-0.8487272614388303,0.8487272614388303,0.7988010081237052,0.5990959948632046,-0.1997050132605005,0.4992434882329544,short,hold,hold,hold,short,hold,2015Q2,,,,,,,,,,
2015-08-13,AMAT,17.3799991607666,17.049999237060547,16.639999389648438,17.030000686645508,15.979999542236328,15.100000381469728,15.9399995803833,-1.898733829924414,-4.257766437576306,-2.0138002935648927,-8.055234097425135,-13.118520652427398,-8.285383486288874,short,short,short,short,short,short,2015Q3,,,,,,,,,,
2015-11-12,AMAT,16.690000534057617,16.530000686645508,17.239999771118164,17.739999771118164,18.200000762939453,18.1299991607666,18.6200008392334,-0.9586569340463093,3.295381782272675,6.291187558190417,9.047334814642632,8.627912406416783,11.563812123537218,hold,buy,buy,buy,buy,buy,2015Q4,,,,,,,,,,
2016-02-18,AMAT,17.170000076293945,17.170000076293945,18.3799991607666,18.59000015258789,18.88999938964844,18.8700008392334,19.450000762939453,0.0,7.047169942318534,8.270239196180858,10.017468291856554,9.900994498460069,13.278978896414973,hold,buy,buy,buy,buy,buy,2016Q1,,,,,,,,,,
2016-05-19,AMAT,19.790000915527344,19.90999984741211,22.65999984741211,22.899999618530273,23.729999542236328,24.420000076293945,24.38999938964844,0.6063614266465941,14.502267807541882,15.715000298776175,19.90903711185602,23.3956490478678,23.244053872235597,buy,buy,buy,buy,buy,buy,2016Q2,,,,,,,,,,
2016-08-18,AMAT,27.600000381469727,27.68000030517578,29.63999938964844,29.149999618530273,29.649999618530273,30.049999237060547,30.290000915527344,0.2898547920302406,7.391300652112813,5.61593918709217,7.427533364952013,8.876807325103215,9.746378611877295,hold,buy,buy,buy,buy,buy,2016Q3,,,,,,,,,,
2016-11-17,AMAT,30.38999938964844,30.729999542236328,30.739999771118164,31.350000381469727,31.8799991607666,32.15999984741211,31.440000534057617,1.1187895999224755,1.1516959147717032,3.158937186909877,4.902927940254233,5.824285927319157,3.4550877443151093,buy,hold,buy,buy,buy,buy,2016Q4,,,,,,,,,,
2017-02-15,AMAT,35.459999084472656,35.4900016784668,35.18000030517578,35.66999816894531,36.15999984741211,36.43000030517578,36.4900016784668,0.0846096863191354,-0.789618687326706,0.5922140154950296,1.974057476064549,2.735480106450066,2.904688721340553,hold,short,hold,buy,buy,buy,2017Q1,,,,,,,,,,
2017-05-18,AMAT,43.099998474121094,43.90999984741211,44.08000183105469,44.72999954223633,45.02000045776367,45.560001373291016,46.79999923706055,1.879353600853076,2.2737897717607245,3.7819051643214094,4.454761140642318,5.707663541211034,8.584688849028792,buy,hold,buy,hold,buy,buy,2017Q2,,,,,,,,,,
2017-08-17,AMAT,44.33000183105469,43.119998931884766,44.29999923706055,43.310001373291016,43.720001220703125,43.630001068115234,45.119998931884766,-2.7295349632092125,-0.0676801099816846,-2.3009258191573694,-1.376044631525903,-1.5790677510170517,1.782082265281248,short,hold,hold,short,short,hold,2017Q3,,,,,,,,,,
2017-11-16,AMAT,56.36000061035156,57.84000015258789,56.4900016784668,57.619998931884766,57.90999984741211,57.33000183105469,51.90999984741211,2.625975028759135,0.2306619352508617,2.2356251027111966,2.7501760473293193,1.721080926540952,-7.89567195661479,buy,hold,buy,hold,hold,short,2017Q4,,,,,,,,,,
2018-02-14,AMAT,49.400001525878906,51.959999084472656,53.9900016784668,55.029998779296875,56.06999969482422,58.810001373291016,57.06999969482422,5.18218113263146,9.29149799759288,11.396755221694908,13.50202016785594,19.04858209869193,15.526311603304856,buy,buy,buy,buy,buy,buy,2018Q1,,,,,,,,,,
2018-05-17,AMAT,54.68000030517578,53.959999084472656,49.5099983215332,50.0,50.77000045776367,52.02000045776367,52.2400016784668,-1.316754236804517,-9.455014547893496,-8.558888586423054,-7.150694633485591,-4.864666848146167,-4.46232372547742,short,short,short,short,short,short,2018Q2,,,,,,,,,,
2018-08-16,AMAT,47.9900016784668,47.43000030517578,43.77000045776367,43.529998779296875,42.790000915527344,43.75,43.13999938964844,-1.166912593675297,-8.793500881656872,-9.293608550072491,-10.83559195888235,-8.835177183103315,-10.106276555923866,hold,short,short,short,short,short,2018Q3,,,,,,,,,,
2018-11-15,AMAT,33.31999969482422,35.02000045776367,35.400001525878906,34.41999816894531,35.04999923706055,36.0,37.279998779296875,5.102043152790076,6.242502551336415,3.3013159789793236,5.192075504445634,8.043218276475796,11.884751262731209,buy,buy,buy,buy,buy,buy,2018Q4,,,,,,,,,,
2019-02-14,AMAT,40.70000076293945,40.709999084472656,39.099998474121094,39.29999923706055,39.43000030517578,39.58000183105469,38.560001373291016,0.024565900112482,-3.931209481144008,-3.43980712441096,-3.1203941866264215,-2.7518400758965407,-5.257983659786746,hold,short,short,short,short,short,2019Q1,,,,,,,,,,
2019-05-16,AMAT,41.29999923706055,41.65999984741211,42.70000076293945,40.349998474121094,39.939998626708984,39.0099983215332,38.689998626708984,0.871672196130493,3.3898342657174076,-2.3002440205542913,-3.2929797469128426,-5.544796508064851,-6.319614185390781,buy,buy,hold,hold,hold,hold,2019Q2,,,,,,,,,,
2019-08-15,AMAT,47.0,47.15999984741211,46.630001068115234,47.099998474121094,47.029998779296875,45.61000061035156,47.310001373291016,0.3404252072598072,-0.7872317699675865,0.2127627108959441,0.063827189993351,-2.9574455098902925,0.6595773899808843,buy,short,hold,hold,short,hold,2019Q3,,,,,,,,,,
2019-11-14,AMAT,57.13999938964844,56.959999084472656,62.060001373291016,62.349998474121094,56.439998626708984,58.279998779296875,57.900001525878906,-0.315016288236766,8.610434085048123,9.117954392937056,-1.2250626013591912,1.9950987081301257,1.3300702561228095,hold,buy,buy,hold,buy,buy,2019Q4,,,,,,,,,,
2020-02-12,AMAT,64.93000030517578,65.37000274658203,67.37000274658203,66.8499984741211,66.4000015258789,61.08000183105469,57.0,0.6776566137967136,3.757896858059539,2.957027814448144,2.263978459562623,-5.929460120169132,-12.213153038509466,hold,buy,buy,buy,hold,hold,2020Q1,,,,,,,,,,
2020-05-14,AMAT,50.75,54.43000030517578,52.040000915527344,54.36000061035156,55.02000045776367,55.13999938964844,56.18000030517578,7.251232128425185,2.541873725177032,7.113301695274014,8.41379400544566,8.650245102755543,10.699507990494151,buy,buy,buy,buy,buy,buy,2020Q2,,,,,,,,,,
2020-08-13,AMAT,66.36000061035156,65.06999969482422,67.62000274658203,66.94000244140625,63.790000915527344,63.7400016784668,62.029998779296875,-1.9439434955733184,1.898737378905207,0.8740232455094529,-3.87281445326467,-3.948159897207821,-6.525017768579174,short,buy,hold,short,short,short,2020Q3,,,,,,,,,,
2020-11-12,AMAT,70.86000061035156,69.80000305175781,72.80999755859375,74.4800033569336,77.25,80.5,82.66000366210938,-1.495903964808745,2.751900834668244,5.10866880525147,9.017780602043851,13.604289171061875,16.652558495792636,hold,buy,buy,buy,buy,buy,2020Q4,,,,,,,,,,
2021-02-18,AMAT,114.0,113.43000030517578,119.45999908447266,115.2300033569336,113.93000030517578,122.25,108.23999786376952,-0.4999997323019463,4.789472881116366,1.0789503130996436,-0.0614032410738761,7.236842105263158,-5.052633452833744,short,buy,buy,hold,buy,hold,2021Q1,,,,,,,,,,
2021-05-20,AMAT,126.80999755859376,130.30999755859375,128.66000366210938,134.5800018310547,137.82000732421875,138.2100067138672,139.85000610351562,2.760034750716553,1.4588803242116712,6.127280515773793,8.682288445386746,8.989834693440441,10.28310763817862,buy,hold,buy,buy,buy,buy,2021Q2,,,,,,,,,,
2021-08-19,AMAT,126.22000122070312,129.1999969482422,127.1999969482422,131.49000549316406,132.49000549316406,136.0500030517578,134.4499969482422,2.360953651338003,0.7764187276670059,4.175252908804861,4.967520370640359,7.787990600528001,6.520357825974371,buy,hold,hold,hold,hold,hold,2021Q3,,,,,,,,,,
2021-11-18,AMAT,158.5,158.74000549316406,150.02999877929688,147.5500030517578,143.2899932861328,147.19000244140625,145.8300018310547,0.1514230240782728,-5.3438493506013405,-6.908515424758479,-9.596218746919362,-7.13564514737776,-7.993689696495466,hold,short,short,short,short,short,2021Q4,,,,,,,,,,
2022-02-16,AMAT,138.47999572753906,140.9600067138672,136.47000122070312,133.35000610351562,133.4199981689453,134.1999969482422,130.63999938964844,1.7908803168997594,-1.4514692149403472,-3.704498687389296,-3.653955599875488,-3.0906982317632505,-5.6614648900740185,buy,hold,hold,hold,hold,short,2022Q1,,,,,,,,,,
2022-05-19,AMAT,111.41000366210938,110.73999786376952,106.45999908447266,109.93000030517578,115.06999969482422,117.29000091552734,114.95999908447266,-0.601387466400123,-4.443052163115778,-1.3284295020959092,3.2851592428047027,5.277800071931745,3.1864242937554423,short,short,short,hold,hold,hold,2022Q2,,,,,,,,,,
2022-08-18,AMAT,106.68000030517578,108.2699966430664,104.62999725341795,100.80999755859376,105.0,96.54000091552734,91.80999755859376,1.4904352581010287,-1.9216376508187476,-5.502439754208772,-1.5748034311678505,-9.505061267942718,-13.938885174394386,hold,short,short,short,short,short,2022Q3,,,,,,,,,,
2022-11-17,AMAT,100.41999816894533,104.4499969482422,104.6999969482422,105.13999938964844,105.81999969482422,103.25,106.70999908447266,4.013143649452031,4.262098045546924,4.700260213869209,5.377416475146727,2.8181655871906397,6.263693517445726,buy,buy,buy,buy,buy,buy,2022Q4,,,,,,,,,,
2023-02-16,AMAT,116.87999725341795,115.38999938964844,115.44000244140624,111.27999877929688,111.30999755859376,116.1500015258789,118.95999908447266,-1.274809975002766,-1.2320284444305192,-4.791237684562258,-4.765571377236949,-0.6245685700661795,1.7796046200658693,short,hold,hold,short,hold,buy,2023Q1,,,,,,,,,,
2023-05-18,AMAT,125.80999755859376,129.9199981689453,126.9499969482422,126.5500030517578,130.47000122070312,136.57000732421875,134.6300048828125,3.26683148406978,0.9061278211356004,0.5881929159242041,3.70400107506485,8.55258721439345,7.010577454395856,hold,hold,hold,hold,hold,hold,2023Q2,,,,,,,,,,
2023-08-17,AMAT,139.19000244140625,137.58999633789062,142.66000366210938,148.77000427246094,142.52000427246094,145.4199981689453,152.75999450683594,-1.149512231806424,2.4929960197133156,6.882679548114462,2.3924145216223365,4.475893108890242,9.749257724987933,hold,buy,buy,buy,buy,buy,2023Q3,,,,,,,,,,
2023-11-16,AMAT,155.39999389648438,154.80999755859375,148.58999633789062,152.57000732421875,150.33999633789062,148.05999755859375,151.58999633789062,-0.3796630380073474,-4.38223798331038,-1.8210982518768608,-3.256111812954339,-4.723292552237789,-2.4517359769857388,short,short,short,short,short,short,2023Q4,,,,,,,,,,
2024-02-15,AMAT,189.0,187.66000366210935,199.57000732421875,189.13999938964844,197.16000366210935,202.86000061035156,210.25,-0.708992771370701,5.592596467840608,0.0740737511367394,4.317462255084326,7.333333656270669,11.243386243386242,hold,buy,buy,buy,buy,buy,2024Q1,,,,,,,,,,
2024-05-16,AMAT,218.22000122070312,214.02999877929688,212.0800018310547,219.9499969482422,217.9499969482422,221.32000732421875,215.0800018310547,-1.9200817605937823,-2.813673978233815,0.7927759682254704,-0.1237303047156804,1.4205875200139624,-1.438914568822089,short,short,hold,short,hold,short,2024Q2,,,,,,,,,,
2010-01-21,AMD,9.010000228881836,8.989999771118164,7.880000114440918,8.069999694824219,7.880000114440918,7.980000019073486,7.190000057220459,-0.2219806576647998,-12.54162137331215,-10.432858048598224,-12.54162137331215,-11.431744546538988,-20.19977941651222,hold,short,short,short,short,short,2010Q1,,,,,,,,,,
2010-04-15,AMD,9.970000267028809,10.15999984741211,9.8100004196167,9.579999923706056,9.859999656677246,9.970000267028809,9.720000267028809,1.905712891619843,-1.6048128698775996,-3.911738544406069,-1.1033160221202696,0.0,-2.507522500543556,buy,short,short,short,hold,short,2010Q2,,,,,,,,,,
2010-07-15,AMD,7.460000038146973,7.409999847412109,7.369999885559082,7.440000057220459,7.610000133514404,8.069999694824219,7.78000020980835,-0.6702438402035596,-1.206436355598816,-0.2680962576976282,2.0107251286917007,8.176939055737149,4.28954651508103,short,hold,short,buy,buy,buy,2010Q3,,,,,,,,,,
2010-10-14,AMD,7.230000019073486,7.139999866485596,7.119999885559082,6.960000038146973,6.889999866485596,7.260000228881836,7.630000114440918,-1.2448153852069286,-1.521440293557574,-3.7344395603627367,-4.70263003721902,0.4149406601549925,5.532504762270956,short,short,short,short,hold,buy,2010Q4,,,,,,,,,,
2011-01-20,AMD,7.880000114440918,8.020000457763672,7.539999961853027,7.679999828338623,7.75,7.829999923706055,8.329999923706055,1.7766540772783588,-4.3147226859147505,-2.5380746598692765,-1.649747621230097,-0.6345201777755402,5.710657395048325,buy,short,short,short,short,buy,2011Q1,,,,,,,,,,
2011-04-21,AMD,8.729999542236328,8.710000038146973,8.699999809265137,8.880000114440918,9.100000381469728,8.800000190734863,8.920000076293945,-0.2290894059340612,-0.3436395709535914,1.718219702977955,4.238268712882622,0.8018402310317119,2.176409438951076,hold,short,hold,buy,hold,hold,2011Q2,,,,,,,,,,
2011-07-21,AMD,6.590000152587891,6.5,7.75,7.630000114440918,7.420000076293945,7.21999979019165,6.5,-1.365707898391286,17.602425198071927,15.78148615739591,12.594839218328609,9.559933581433365,-1.365707898391286,short,buy,buy,buy,buy,hold,2011Q3,,,,,,,,,,
2011-10-27,AMD,5.269999980926514,5.539999961853027,5.940000057220459,5.829999923706055,5.730000019073486,5.679999828338623,5.659999847412109,5.123339315060969,12.713473979484782,10.626184910935956,8.728653506865868,7.779883280759097,7.400376999945078,buy,buy,buy,buy,buy,buy,2011Q4,,,,,,,,,,
2012-01-24,AMD,6.46999979019165,6.53000020980835,6.730000019073486,6.769999980926514,6.710000038146973,6.929999828338623,7.130000114440918,0.9273635481048744,4.018550808548548,4.6367882606372826,3.709432082504181,7.109738068992222,10.200932699407668,hold,buy,buy,buy,buy,buy,2012Q1,,,,,,,,,,
2012-04-19,AMD,8.010000228881836,7.96999979019165,7.760000228881836,7.389999866485596,7.449999809265137,7.360000133514404,7.409999847412109,-0.4993812427864243,-3.1210985375327387,-7.740328897378694,-6.991265962733599,-8.114857388189726,-7.490641252496996,hold,short,short,short,short,short,2012Q2,,,,,,,,,,
2012-07-19,AMD,4.929999828338623,4.860000133514404,4.21999979019165,4.150000095367432,4.039999961853027,4.099999904632568,3.9700000286102295,-1.4198721554075222,-14.40162399328598,-15.8214961486935,-18.052736257102868,-16.83569883583057,-19.472613248587212,short,short,short,short,short,short,2012Q3,,,,,,,,,,
2012-10-18,AMD,2.759999990463257,2.619999885559082,2.180000066757202,2.0999999046325684,2.119999885559082,2.049999952316284,2.109999895095825,-5.0724675865189495,-21.01449006196205,-23.91304667069617,-23.188409678101227,-25.72463915218353,-23.5507281743987,short,short,short,short,short,short,2012Q4,,,,,,,,,,
2013-01-22,AMD,2.5199999809265137,2.450000047683716,2.7300000190734863,2.7899999618530273,2.740000009536743,2.5999999046325684,2.5999999046325684,-2.7777751497070007,8.333334910175799,10.714285038496085,8.730159931562515,3.174600171093715,3.174600171093715,short,buy,buy,buy,buy,hold,2013Q1,,,,,,,,,,
2013-04-18,AMD,2.4000000953674316,2.509999990463257,2.4700000286102295,2.4600000381469727,2.680000066757202,2.680000066757202,3.4100000858306885,4.583328780200927,2.916663769218772,2.499997516473233,11.666665010982156,11.666665010982156,42.0833312637277,buy,buy,buy,buy,buy,buy,2013Q2,,,,,,,,,,
2013-07-18,AMD,4.380000114440918,4.639999866485596,4.03000020980835,3.900000095367432,3.700000047683716,3.75,3.809999942779541,5.9360672431823716,-7.99086519378422,-10.95890425872182,-15.52511527374698,-14.383563880827294,-13.013702209323668,buy,short,short,short,short,short,2013Q3,,,,,,,,,,
2013-10-17,AMD,4.119999885559082,4.090000152587891,3.5299999713897705,3.369999885559082,3.2300000190734863,3.319999933242798,3.3399999141693115,-0.7281488787497977,-14.320386664021688,-18.203884000793497,-21.601939106967308,-19.41747511014129,-18.932038666402168,short,short,short,short,short,short,2013Q4,,,,,,,,,,
2014-01-21,AMD,4.309999942779541,4.170000076293945,3.6700000762939458,3.619999885559082,3.5399999618530273,3.4800000190734863,3.369999885559082,-3.248256806131396,-14.849185034393678,-16.009282282622824,-17.865429028983623,-19.25753908875422,-21.80974639675397,short,short,short,short,short,short,2014Q1,,,,,,,,,,
2014-04-17,AMD,3.7799999713897705,3.690000057220459,4.119999885559082,4.300000190734863,4.050000190734863,4.03000020980835,4.119999885559082,-2.3809501283202863,8.994706792135391,13.756619663515693,7.142862999700589,6.613762971184969,8.994706792135391,short,buy,buy,buy,buy,buy,2014Q2,,,,,,,,,,
2014-07-17,AMD,4.659999847412109,4.570000171661377,3.8299999237060542,3.7799999713897705,3.7300000190734863,3.7300000190734863,3.910000085830689,-1.9313235772038269,-17.811157744285936,-18.884118129554,-19.95707851482206,-19.95707851482206,-16.094416011578343,hold,short,short,short,short,short,2014Q3,,,,,,,,,,
2014-10-16,AMD,2.559999942779541,2.640000104904175,2.7200000286102295,2.6700000762939453,2.690000057220459,2.6600000858306885,2.75,3.1250064028428435,6.250003492459733,4.296880311449177,5.0781295838534,3.906255675247066,7.421877401066067,hold,buy,hold,hold,hold,hold,2014Q4,,,,,,,,,,
2015-01-20,AMD,2.390000104904175,2.240000009536743,2.450000047683716,2.4700000286102295,2.700000047683716,2.609999895095825,2.759999990463257,-6.276154342405177,2.5104577466931395,3.3472769955908523,12.97070833358688,9.205011737874845,15.48116608028002,short,buy,hold,buy,buy,buy,2015Q1,,,,,,,,,,
2015-04-16,AMD,2.7200000286102295,2.869999885559082,2.5799999237060547,2.490000009536743,2.3299999237060547,2.3399999141693115,2.259999990463257,5.514700565113384,-5.147062626161338,-8.455882965229367,-14.33823900007249,-13.9705922957316,-16.911765930458735,buy,short,short,short,short,short,2015Q2,,,,,,,,,,
2015-07-16,AMD,1.9700000286102295,1.8700000047683716,1.7899999618530271,1.7999999523162842,1.7599999904632568,1.6200000047683716,1.9299999475479128,-5.076143268505668,-9.13705909355678,-8.629445371829501,-10.659900258738617,-17.766498414153396,-2.030460938141998,short,short,short,short,short,hold,2015Q3,,,,,,,,,,
2015-10-15,AMD,1.9700000286102295,1.9700000286102295,1.940000057220459,2.009999990463257,2.140000104904175,2.1500000953674316,2.130000114440918,0.0,-1.5228411651818354,2.030454886909114,8.629445371829501,9.13705909355678,8.121831650102223,hold,short,buy,buy,buy,buy,2015Q4,,,,,,,,,,
2016-01-19,AMD,2.0799999237060547,1.950000047683716,1.7999999523162842,2.0899999141693115,2.069999933242798,2.0799999237060547,1.9900000095367432,-6.249994268783946,-13.461537579812916,0.4807687899064574,-0.4807687899064574,0.0,-4.3269191091581165,short,short,hold,short,hold,short,2016Q1,,,,,,,,,,
2016-04-21,AMD,2.6500000953674316,2.619999885559082,3.990000009536743,3.450000047683716,3.609999895095825,3.740000009536743,3.660000085830689,-1.1320833482532375,50.56603267719942,30.188676359476187,36.22640623321511,41.13207075255517,38.11320581568572,short,buy,buy,buy,buy,buy,2016Q2,,,,,,,,,,
2016-07-21,AMD,5.429999828338623,5.21999979019165,5.840000152587891,6.699999809265137,6.820000171661377,6.639999866485596,6.46999979019165,-3.867404139701876,7.550650777363144,23.388582340251865,25.59853383546132,22.28361098341301,19.152854414937035,short,buy,buy,buy,buy,buy,2016Q3,,,,,,,,,,
2016-10-20,AMD,6.809999942779541,6.960000038146973,6.519999980926514,7.010000228881836,7.110000133514404,7.230000019073486,6.699999809265137,2.2026445907165195,-4.258442941112011,2.936861788293403,4.405289181433039,6.167402053200603,-1.615273633460665,buy,short,buy,buy,buy,short,2016Q4,,,,,,,,,,
2017-01-31,AMD,10.600000381469728,10.369999885559082,12.0600004196167,12.279999732971191,13.289999961853027,13.420000076293944,13.260000228881836,-2.1698159210703176,13.773584769857704,15.849049915491864,25.37735361864509,26.603769748480104,25.094337280045377,short,buy,buy,buy,buy,buy,2017Q1,,,,,,,,,,
2017-05-01,AMD,13.43000030517578,13.619999885559082,10.31999969482422,10.390000343322754,10.039999961853027,10.789999961853027,11.420000076293944,1.4147399558142746,-23.15711496412253,-22.63588900054934,-25.24199751519204,-19.65748535616433,-14.966494290452124,buy,short,short,short,short,short,2017Q2,,,,,,,,,,
2017-07-25,AMD,14.289999961853027,14.109999656677246,14.760000228881836,14.119999885559082,13.710000038146973,13.239999771118164,13.109999656677246,-1.259624252318333,3.2890151734322486,-1.189643644141066,-4.058781842227831,-7.347797015660079,-8.257524900810196,short,buy,short,short,short,short,2017Q3,,,,,,,,,,
2017-10-24,AMD,14.199999809265137,14.25,12.329999923706056,12.010000228881836,10.989999771118164,10.850000381469728,12.050000190734863,0.3521140239892076,-13.169013455471704,-15.422532463376388,-22.60563437509717,-23.59154558304727,-15.1408425873883,hold,short,short,short,short,short,2017Q4,,,,,,,,,,
2018-01-30,AMD,13.119999885559082,12.869999885559082,13.739999771118164,13.25,11.649999618530272,11.220000267028809,11.779999732971191,-1.905487821498916,4.7256089250542095,0.990854539442538,-11.204270425694196,-14.481704535848086,-10.213415886251658,short,buy,buy,short,short,short,2018Q1,,,,,,,,,,
2018-04-25,AMD,10.0600004196167,9.710000038146973,11.039999961853027,11.109999656677246,10.970000267028809,11.279999732971191,11.949999809265137,-3.4791288953351964,9.741545739156814,10.43736772627842,9.045723752035208,12.127229249171103,18.78726949119202,short,buy,buy,buy,buy,buy,2018Q2,,,,,,,,,,
2018-07-25,AMD,16.299999237060547,16.049999237060547,18.350000381469727,18.940000534057617,18.479999542236328,18.489999771118164,19.579999923706055,-1.5337424030768458,12.57669472614568,16.19632773352911,13.37423562707424,13.435586727380423,20.122704540917542,short,buy,buy,buy,buy,buy,2018Q3,,,,,,,,,,
2018-10-24,AMD,25.040000915527344,22.790000915527344,19.270000457763672,17.6299991607666,18.209999084472656,20.229999542236328,21.84000015258789,-8.985622674657218,-23.04313197602835,-29.592657683034624,-27.276364142700142,-19.20926995776716,-12.779555295284064,short,short,short,short,short,short,2018Q4,,,,,,,,,,
2019-01-29,AMD,20.260000228881836,19.25,23.09000015258789,24.40999984741211,23.309999465942383,22.670000076293945,22.81999969482422,-4.985193570935999,13.968410127023205,20.48370963300485,15.054290239901338,11.895359428360278,12.63573266052066,short,buy,buy,buy,buy,buy,2019Q1,,,,,,,,,,
2019-04-30,AMD,27.59000015258789,27.6299991607666,26.809999465942383,28.290000915527344,26.65999984741211,27.209999084472656,27.31999969482422,0.1449764695813497,-2.8271137453123396,2.5371538929614483,-3.370787604321738,-1.3773144835578808,-0.978617094129832,hold,short,buy,short,hold,hold,2019Q2,,,,,,,,,,
2019-07-30,AMD,33.209999084472656,33.869998931884766,30.450000762939453,29.86000061035156,28.86000061035156,33.91999816894531,32.11000061035156,1.9873528021887017,-8.310744949172976,-10.087318778901702,-13.098460084435644,2.1379075701468975,-3.3122508414503335,buy,short,short,short,buy,hold,2019Q3,,,,,,,,,,
2019-10-29,AMD,33.72999954223633,33.029998779296875,33.130001068115234,33.93000030517578,36.150001525878906,36.279998779296875,36.709999084472656,-2.075306173849543,-1.7788274007231528,0.5929462367439834,7.174627976535483,7.560033417336595,8.83486386800808,short,short,buy,buy,buy,buy,2019Q4,,,,,,,,,,
2020-01-28,AMD,50.029998779296875,50.529998779296875,47.5099983215332,48.779998779296875,49.45000076293945,49.31999969482422,53.79999923706055,0.9994003841689222,-5.036978851189746,-2.498500960422305,-1.1593004807296403,-1.4191467155631112,7.535479811612052,hold,short,short,short,short,buy,2020Q1,,,,,,,,,,
2020-04-28,AMD,57.15999984741211,55.5099983215332,53.65999984741211,52.38999938964844,52.189998626708984,51.95000076293945,53.7599983215332,-2.8866366869901405,-6.12316306743038,-8.34499732417272,-8.694893691340939,-9.114763992968305,-5.94821822070533,short,short,short,short,short,short,2020Q2,,,,,,,,,,
2020-07-28,AMD,68.0999984741211,67.61000061035156,76.08999633789062,78.19999694824219,85.04000091552734,86.70999908447266,76.87999725341797,-0.7195269820097528,11.732743087807613,14.831128781829896,24.875187695993382,27.327461126777575,12.892803195338384,hold,buy,buy,buy,buy,buy,2020Q3,,,,,,,,,,
2020-10-27,AMD,82.0,78.87999725341797,76.4000015258789,78.0199966430664,76.58000183105469,83.0,77.98999786376953,-3.80488139827077,-6.829266431854992,-4.853662630406822,-6.609753864567454,1.2195121951219512,-4.890246507598133,short,short,short,short,hold,short,2020Q4,,,,,,,,,,
2021-01-26,AMD,94.91000366210938,94.70999908447266,88.83999633789062,87.5199966430664,88.86000061035156,87.83999633789062,90.91000366210938,-0.2107307659040434,-6.395540080083319,-7.786330980822898,-6.374462984214525,-7.449169793933205,-4.214518855399547,hold,hold,short,short,short,short,2021Q1,,,,,,,,,,
2021-04-27,AMD,85.66999816894531,85.20999908447266,84.0199966430664,83.91000366210938,78.61000061035156,77.88999938964844,76.83000183105469,-0.5369430305875764,-1.9259969197443247,-2.0543884025363752,-8.240921804003193,-9.081357471205202,-10.318660589273891,hold,hold,short,short,short,short,2021Q2,,,,,,,,,,
2021-07-27,AMD,92.94000244140624,91.02999877929688,97.93000030517578,102.9499969482422,112.55999755859376,112.3499984741211,106.4800033569336,-2.055093191237574,5.369052864954959,10.770383305236848,21.110387994186752,20.884436757952336,14.568539444641823,short,buy,buy,buy,buy,buy,2021Q3,,,,,,,,,,
2021-10-26,AMD,122.98999786376952,122.93000030517578,122.27999877929688,121.16000366210938,127.62999725341795,137.5,148.9199981689453,-0.0487824698234458,-0.5772819715462474,-1.487921158993074,3.77266401353056,11.797709072491037,21.08301549358288,hold,hold,short,buy,buy,buy,2021Q4,,,,,,,,,,
2022-02-01,AMD,116.75,116.77999877929688,122.76000213623048,120.08000183105467,128.22999572753906,125.7699966430664,121.47000122070312,0.0256948859073875,5.147753435743442,2.8522499623594757,9.832972785900695,7.725907188921975,4.042827598032655,hold,buy,buy,buy,buy,buy,2022Q1,,,,,,,,,,
2022-05-03,AMD,89.8499984741211,91.12999725341795,99.41999816894533,93.87000274658205,88.7300033569336,87.05999755859375,102.47000122070312,1.4245952153972987,10.651084983135087,4.474128370317995,-1.2465165678439991,-3.105176363838147,14.045634903618712,hold,buy,buy,hold,hold,buy,2022Q2,,,,,,,,,,
2022-08-02,AMD,95.70999908447266,99.29000091552734,98.08999633789062,103.91000366210938,95.54000091552734,98.12000274658205,100.1999969482422,3.740467939922364,2.486675662087728,8.567552665421593,-0.1776179819992202,2.518027045410721,4.691252645198237,buy,hold,buy,hold,buy,buy,2022Q3,,,,,,,,,,
2022-11-01,AMD,61.4900016784668,59.65999984741211,58.630001068115234,60.11000061035156,63.849998474121094,68.47000122070312,76.37000274658203,-2.9760965703397217,-4.6511636563397705,-2.2442690363407443,3.8380171267432974,11.35143820410832,24.199057833699925,short,hold,hold,buy,buy,buy,2022Q4,,,,,,,,,,
2023-01-31,AMD,72.26000213623047,75.1500015258789,84.63999938964844,88.30999755859375,85.91000366210938,83.20999908447266,85.94999694824219,3.999445480502442,17.132572498514715,22.211451630051872,18.890120567869353,15.153607285533091,18.945466935085637,buy,buy,buy,buy,buy,buy,2023Q1,,,,,,,,,,
2023-05-02,AMD,89.31999969482422,89.91000366210938,81.62000274658203,86.61000061035156,95.05999755859376,97.0999984741211,101.4800033569336,0.6605507941121779,-8.620686267969587,-3.0340339159558813,6.42632991869809,8.710253925076646,13.613976381164278,buy,short,short,buy,buy,buy,2023Q2,,,,,,,,,,
2023-08-01,AMD,114.26000213623048,117.5999984741211,109.3499984741211,113.1500015258789,113.2300033569336,110.2300033569336,111.3499984741211,2.9231544507660674,-4.297219998521663,-0.971469096445601,-0.901451741676692,-3.5270424505085938,-2.5468261926337283,buy,short,hold,hold,hold,hold,2023Q3,,,,,,,,,,
2023-10-31,AMD,96.23999786376952,98.5,108.04000091552734,107.83000183105467,113.4499969482422,113.48999786376952,119.87999725341795,2.3482981986653475,12.261017574481926,12.042814032156503,17.882376835496093,17.923940547482005,24.563590933482285,buy,buy,buy,buy,buy,buy,2023Q4,,,,,,,,,,
2024-01-30,AMD,176.1300048828125,172.05999755859375,167.69000244140625,170.47999572753906,167.8800048828125,169.35000610351562,171.5399932861328,-2.310797258494778,-4.791916316031319,-3.2078629413725683,-4.684040067726739,-3.8494285989533266,-2.6060361491124904,short,short,short,short,short,short,2024Q1,,,,,,,,,,
2024-04-30,AMD,160.6300048828125,158.3800048828125,144.27000427246094,146.16000366210938,154.42999267578125,152.38999938964844,153.16000366210938,-1.400734564903665,-10.184897038561996,-9.008280384016487,-3.8598095116503695,-5.1298046707871,-4.650439515427307,hold,short,short,short,short,short,2024Q2,,,,,,,,,,
2010-02-17,NVDA,0.4472500085830688,0.4460000097751617,0.4167500138282776,0.4144999980926513,0.4137499928474426,0.4050000011920929,0.4157499969005584,-0.2794854743250249,-6.819450904298065,-7.322528756158703,-7.490221373445581,-9.446619693720756,-7.043043281833677,hold,short,short,short,short,short,2010Q1,6.338017112000174,5.889910181843037,5.859813084112149,5.488549618320611,17.050159654072807,16.058558908222935,2.7476635514018692,4.267175572519084,10.32345545761946,10.344534778021604
2010-05-13,NVDA,0.3655000030994415,0.3662500083446502,0.3240000009536743,0.324750006198883,0.3115000128746032,0.3089999854564667,0.3375000059604645,0.2051997917506683,-11.354309656319296,-11.149109864568626,-14.77427900599675,-15.458281029782343,-7.6607378663575805,buy,short,short,short,short,short,2010Q2,5.5751964870332,6.2262505927132255,5.726495726495727,5.055555555555555,15.354404027385812,14.872195677838494,2.581196581196582,4.298611111111111,10.367255804731704,10.00851940540489
2010-08-12,NVDA,0.2179999947547912,0.2240000069141388,0.2347500026226043,0.228750005364418,0.2469999939203262,0.2454999983310699,0.2450000047683715,2.752299221885951,7.683490032490001,4.931197645999257,13.302752230867934,12.61468084309405,12.385325992301158,buy,buy,buy,buy,buy,buy,2010Q3,7.945661241790616,4.910916948898555,5.627906976744186,5.3907284768211925,14.657025343257535,13.550152776948538,2.2248062015503876,4.430463576158941,8.099883418694654,9.97942000369635
2010-11-11,NVDA,0.3109999895095825,0.3152500092983246,0.3314999938011169,0.3274999856948852,0.3330000042915344,0.3440000116825104,0.3400000035762787,1.366565894566088,6.591641473641522,5.305465190311312,7.073959975575511,10.610939963363265,9.324763680033056,hold,buy,buy,buy,buy,buy,2010Q4,4.493836812313689,5.260376187683486,5.747967479674797,5.243055555555555,18.058876095960414,13.88808447412586,2.3495934959349594,3.736111111111111,9.444516923032232,9.963179244662369
2011-02-16,NVDA,0.5712500214576721,0.5845000147819519,0.6420000195503235,0.640749990940094,0.5662500262260437,0.5665000081062317,0.5217499732971191,2.3194735801443764,12.385119551000969,12.1662961701213,-0.8752726553724782,-0.8315121528257817,-8.66521598270448,buy,buy,buy,hold,hold,short,2011Q1,3.963061450763065,5.982949230653582,5.769230769230769,5.141732283464567,15.753344410257876,14.900886844137917,3.5288461538461537,4.6299212598425195,9.023879670207748,9.349709843657555
2011-05-12,NVDA,0.4950000047683716,0.512499988079071,0.4564999938011169,0.4424999952316284,0.4444999992847442,0.4517500102519989,0.4704999923706054,3.5353501297213805,-7.777779918460846,-10.606062430506404,-10.202021211546878,-8.737372545402483,-4.94949740641529,buy,short,short,short,short,short,2011Q2,5.065047677008584,5.689035972561837,5.44,5.514705882352941,16.752407625927287,14.023047166733344,3.096,5.375,10.083300391313331,9.404387472285451
2011-08-11,NVDA,0.3084999918937683,0.3352499902248382,0.3219999969005584,0.3342500030994415,0.2985000014305115,0.2985000014305115,0.3120000064373016,8.670988341640308,4.376014703896288,8.346843397824207,-3.2414880797469596,-3.2414880797469596,1.1345266241493297,buy,buy,buy,hold,hold,buy,2011Q3,5.62038422172582,6.9532745394668085,5.774193548387097,5.159722222222222,14.66225524670722,14.998106241243754,2.314516129032258,4.305555555555555,9.638714834303231,9.490983250178424
2011-11-10,NVDA,0.3667500019073486,0.3617500066757202,0.3745000064373016,0.367249995470047,0.351500004529953,0.3657500147819519,0.3510000109672546,-1.3633252094410506,2.1131573250573212,0.1363308957322587,-4.158145139218897,-0.2726617914645174,-4.294476034951156,short,hold,hold,short,hold,hold,2011Q4,5.407488176295637,6.724282516834681,6.04,5.568627450980392,14.402271436796488,16.182498563448885,1.84,4.490196078431373,10.499485897248306,10.095868478501366
2012-02-15,NVDA,0.4097500145435333,0.4042499959468841,0.4112499952316284,0.3962500095367431,0.3977499902248382,0.3867500126361847,0.3812499940395355,-1.3422863700874446,0.3660721500561971,-3.294692990268551,-2.928620840212354,-5.613179033799651,-6.955465403887096,short,hold,short,short,short,short,2012Q1,5.304438637164491,5.82202457492267,5.725274725274725,5.563025210084033,16.243427803922906,16.87184388794452,2.3516483516483517,4.647058823529412,9.579019251390418,8.492960985166842
2012-05-11,NVDA,0.3362500071525574,0.3302499949932098,0.328249990940094,0.324999988079071,0.3019999861717224,0.3034999966621399,0.3100000023841858,-1.784390195306469,-2.379186927075292,-3.3457305083066267,-10.185879628932067,-9.739779864319448,-7.806692701856775,short,short,short,short,short,short,2012Q2,5.034562911665069,5.522574762123412,5.852631578947369,5.349593495934959,15.59300229214792,12.8890103772277,2.968421052631579,4.975609756097561,10.264999006594078,10.388439719411368
2012-08-09,NVDA,0.356249988079071,0.3677499890327453,0.3655000030994415,0.3702499866485595,0.3695000112056732,0.3662500083446502,0.3577499985694885,3.228070551155176,2.5964955311991216,3.9298242913572174,3.719304861748172,2.807023326372626,0.4210555903470086,buy,buy,buy,buy,buy,buy,2012Q3,4.559737119762464,5.933201553933534,5.6415094339622645,5.360902255639098,17.064927448870552,15.352123927702788,1.839622641509434,3.4135338345864663,10.586071061586331,12.475392844342917
2012-11-08,NVDA,0.3187499940395355,0.31700000166893,0.304749995470047,0.2980000078678131,0.2897500097751617,0.2924999892711639,0.2975000143051147,-0.5490172245739436,-4.392156496088298,-6.509799705015438,-9.098034449147889,-8.235295767602654,-6.666660433501083,hold,short,short,short,short,short,2012Q4,4.589654469923145,5.951722263071605,5.849056603773585,5.543478260869565,13.983456231997287,15.479509295236667,1.8113207547169812,3.746376811594203,9.60145924885268,9.230616076284642
2013-02-13,NVDA,0.3109999895095825,0.309249997138977,0.3182500004768371,0.3182500004768371,0.3072499930858612,0.3075000047683716,0.3165000081062317,-0.5626985304292262,2.331193315693424,2.331193315693424,-1.2057866720943309,-1.1253970608584525,1.768494785264198,hold,buy,buy,hold,hold,buy,2013Q1,6.652758293352,7.13887171339725,5.945205479452055,5.526785714285714,15.32527231268276,13.773998230551603,3.671232876712329,5.294642857142857,9.13957378248089,9.653873086538
2013-05-09,NVDA,0.3412500023841858,0.3477500081062317,0.3634999990463257,0.356000006198883,0.3657500147819519,0.3709999918937683,0.3657500147819519,1.9047635682440427,6.520145496465204,4.32234541000572,7.179490762371785,8.717945582924688,7.179490762371785,buy,buy,buy,buy,buy,buy,2013Q2,5.44678743058865,5.87595823682812,5.680851063829787,5.410852713178294,16.50473854931422,13.446020409091112,2.25531914893617,5.333333333333333,8.548481278772964,10.593095368919473
2013-08-08,NVDA,0.367000013589859,0.3675000071525574,0.3622500002384186,0.359250009059906,0.3782500028610229,0.3737500011920929,0.3740000128746032,0.1362380229383675,-1.2942815192232686,-2.1117177773769846,3.065392058469069,1.8392336109767389,1.9073566827076784,buy,hold,short,buy,buy,buy,2013Q3,4.410455015533146,7.298606083763085,5.4423076923076925,5.2,15.132621705912056,13.632104246676764,3.25,5.057142857142857,10.08268175007649,7.9836205322542995
2013-11-07,NVDA,0.3712500035762787,0.363750010728836,0.3889999985694885,0.3922500014305115,0.4054999947547912,0.3944999873638153,0.3832499980926513,-2.020200074126503,4.781143386457328,5.656565024091114,9.225586760560237,6.2626218353044605,3.232321724114706,hold,buy,buy,buy,buy,buy,2013Q4,5.721611769796754,5.8709302791904046,5.925,5.5,16.574896433675164,16.179669688211632,3.0125,5.10377358490566,9.339641508423716,9.967041846601322
2014-02-12,NVDA,0.4074999988079071,0.4207499921321869,0.4339999854564667,0.4477500021457672,0.4695000052452087,0.4727500081062317,0.4625000059604645,3.2515321136297097,6.5030642272594195,9.87730146149858,15.214725550595166,16.012272267289752,13.496934310049909,buy,buy,buy,buy,buy,buy,2014Q1,6.261922245346138,6.337907700411146,5.92,5.4245283018867925,14.576952826129014,15.462194757492718,2.973333333333333,5.584905660377358,10.046790249489852,9.207042887822992
2014-05-08,NVDA,0.4550000131130218,0.4625000059604645,0.4512499868869781,0.4645000100135803,0.449999988079071,0.4634999930858612,0.4580000042915344,1.648350028855852,-0.8241815643887016,2.087911346542901,-1.0989065691980104,1.8681274127189889,0.6593387015501858,buy,short,hold,short,buy,hold,2014Q2,5.346971487818866,6.505855035288745,5.948453608247423,5.518248175182482,16.894014676713343,15.683499551788548,3.5876288659793816,5.124087591240876,10.50284308689102,9.310887043675638
2014-08-07,NVDA,0.4447500109672546,0.4365000128746032,0.4749999940395355,0.4724999964237213,0.4699999988079071,0.4824999868869781,0.476749986410141,-1.8549742302892904,6.801569944088902,6.239456947087025,5.677343950085149,8.48790893509453,7.195047701807117,hold,buy,buy,buy,buy,buy,2014Q3,5.274042812807501,7.603778172571812,5.8108108108108105,5.5607476635514015,16.83009627542848,17.42922796632379,3.635135135135135,5.317757009345795,8.646978546905055,9.2483953599164
2014-11-06,NVDA,0.5042499899864197,0.5055000185966492,0.4947499930858612,0.5005000233650208,0.488750010728836,0.4925000071525574,0.5084999799728394,0.2478985890040687,-1.8839855407462325,-0.7436721261015631,-3.073868034781926,-2.330189998452702,0.8428339257942548,hold,short,short,short,short,hold,2014Q4,5.185395672492155,6.385249962497566,5.864864864864865,5.40625,19.11334384591377,19.3452078372133,2.6621621621621623,5.520833333333333,9.407135162825476,9.633991255750766
2015-02-11,NVDA,0.5249999761581421,0.5202500224113464,0.5575000047683716,0.5577499866485596,0.5544999837875366,0.5540000200271606,0.5550000071525574,-0.9047531357153544,6.190481921172456,6.23809751956111,5.619049327443864,5.523818130666557,5.714291877487359,short,buy,buy,buy,buy,buy,2015Q1,6.121873788585367,6.96759745827449,6.036144578313253,5.577981651376147,15.988261238375449,15.641270637091056,2.9156626506024095,5.1192660550458715,9.002541415185078,7.738780180196367
2015-05-07,NVDA,0.5502499938011169,0.562250018119812,0.5207499861717224,0.515749990940094,0.5322499871253967,0.5317500233650208,0.5222499966621399,2.180831341005407,-5.361200901722691,-6.2698779190704865,-3.271241595365862,-3.3621027977299436,-5.0885956300614525,buy,short,short,short,short,short,2015Q2,5.468685329171915,6.39816332325147,5.810526315789474,5.595419847328245,14.08411137111248,15.877114179625456,2.0631578947368423,4.549618320610687,8.81975287227777,9.180592603629329
2015-08-06,NVDA,0.5132499933242798,0.5112500190734863,0.5745000243186951,0.5945000052452087,0.5879999995231628,0.5847499966621399,0.5540000200271606,-0.3896686364942318,11.933761673858708,15.830494491520405,14.564054003144385,13.930833758956371,7.939605890483533,hold,buy,buy,buy,buy,buy,2015Q3,5.160971889341706,6.466294349459033,5.881188118811881,5.76,16.282458635577164,16.022049057354618,2.5445544554455446,5.104,9.331479248652316,9.780080385216404
2015-11-05,NVDA,0.7042499780654907,0.6927499771118164,0.7887499928474426,0.7852500081062317,0.7599999904632568,0.7599999904632568,0.777999997138977,-1.63294303327687,11.998582522368777,11.501602067953277,7.9162249391766,7.9162249391766,10.472136509832884,hold,buy,buy,buy,buy,buy,2015Q4,5.1880712152138395,6.65598785361332,5.9125,5.578431372549019,17.158810426464896,17.006494712889516,3.5375,5.352941176470588,10.093666113803934,10.403075401496082
2016-02-17,NVDA,0.6832500100135803,0.6915000081062317,0.7509999871253967,0.7609999775886536,0.7954999804496765,0.7919999957084656,0.8234999775886536,1.2074640280630788,9.915839900312596,11.37943160418364,16.428828216755548,15.91657286513962,20.52688847707234,hold,buy,buy,buy,buy,buy,2016Q1,5.894875736167638,6.2635842884258635,5.987654320987654,5.5,17.45079050746804,17.569598522500485,3.0123456790123457,5.529411764705882,9.53030450339232,10.517767762667027
2016-05-12,NVDA,0.9079999923706056,0.8892499804496765,1.024500012397766,1.0547499656677246,1.0887500047683716,1.1100000143051147,1.1412500143051147,-2.064979303796737,12.830398789211715,16.161891468080793,19.90638919785276,22.246698637863183,25.688328622728328,hold,buy,buy,buy,buy,buy,2016Q2,6.106487899874812,5.652368145998919,6.107142857142857,5.385321100917431,15.155645695018848,17.966472647510525,4.011904761904762,5.6422018348623855,9.707155576890678,9.359511473959142
2016-08-11,NVDA,1.4704999923706057,1.4924999475479126,1.5759999752044678,1.5744999647140503,1.5525000095367432,1.562999963760376,1.538249969482422,1.4960867250220664,7.174429335683633,7.072422501395977,5.57633577637391,6.290375509669369,4.607274904000244,buy,buy,buy,buy,buy,buy,2016Q3,7.467149665770532,7.251601529025039,6.1,5.72,18.706556855454767,17.832817337939467,3.657142857142857,5.87,8.73393059309851,8.75065582754735
2016-11-10,NVDA,1.78725004196167,1.694249987602234,2.1992499828338623,2.0910000801086426,2.3097500801086426,2.32450008392334,2.3540000915527344,-5.2035278878695665,23.052171279849844,16.995385705157364,29.234859470109804,30.060149914557503,31.71073080345292,short,buy,buy,buy,buy,buy,2016Q4,5.62447066610338,5.908783712631442,6.078431372549019,5.753623188405797,16.735527791572096,18.320918510034783,4.647058823529412,5.9855072463768115,10.787135827808216,9.726507496212456
2017-02-09,NVDA,2.9714999198913574,2.9094998836517334,2.8405001163482666,2.7095000743865967,2.6812500953674316,2.776750087738037,2.5364999771118164,-2.0864895813926467,-4.408541378923556,-8.817090781356637,-9.76778840143929,-6.55392352022815,-14.639069645185968,short,short,short,short,short,short,2017Q1,5.743947195446,5.811885469792674,6.22,5.808219178082192,17.507759317493353,17.14808554014326,4.48,6.424657534246576,11.045055476455454,11.42524027514638
2017-05-09,NVDA,2.575000047683716,2.573499917984009,3.032249927520752,3.1624999046325684,3.420249938964844,3.3267500400543213,3.4257500171661377,-0.0582574629874838,17.75727655804687,22.8155280027014,32.825237888498435,29.1941739203782,33.03883315449625,short,buy,buy,buy,buy,buy,2017Q2,5.520026167618567,6.275055543465914,6.0,5.606741573033708,18.068323306509814,16.751821070400336,3.645161290322581,5.820224719101123,10.265135460521565,10.271963908739147
2017-08-10,NVDA,4.303999900817871,4.118500232696533,3.8989999294281006,4.210000038146973,4.036749839782715,3.978749990463257,4.129749774932861,-4.309936626301692,-9.409850853221675,-2.1840117294853107,-6.209341709891114,-7.556921883125703,-4.048562497687273,short,short,short,short,short,short,2017Q3,5.546030750356107,6.874811348774602,6.086206896551724,5.7073170731707314,17.342259234031033,16.68986571277575,4.103448275862069,6.2439024390243905,10.437299042251876,9.33876263850696
2017-11-09,NVDA,5.131750106811523,5.132999897003174,5.403500080108643,5.3157501220703125,5.290249824523926,5.3520002365112305,5.423999786376953,0.0243540734766392,5.295463879591825,3.5855217309697216,3.0886094297931805,4.291910656509999,5.694932011157715,buy,buy,buy,buy,buy,buy,2017Q4,5.587468995850312,6.771646945102159,6.163265306122449,5.845070422535211,19.373044903864063,18.451823852148493,3.2653061224489797,6.47887323943662,9.653019793296464,9.368032583845972
2018-02-08,NVDA,5.8470001220703125,5.438000202178955,5.802000045776367,5.70074987411499,6.162499904632568,6.2270002365112305,6.148250102996826,-6.995038675431705,-0.7696267377195065,-2.5012868975883964,5.395925705069822,6.499061168248567,5.15221437723943,short,hold,short,buy,buy,hold,2018Q1,7.248495078427309,6.433505343913499,6.090909090909091,5.54054054054054,14.703857377775345,15.10747972184333,3.618181818181818,5.891891891891892,9.829427676413532,11.296314590391791
2018-05-10,NVDA,6.447999954223633,6.5032501220703125,6.363249778747559,6.383999824523926,6.192749977111816,6.105999946594238,6.192249774932861,0.856857447874037,-1.314363772917838,-0.9925578497838704,-3.958591484552044,-5.3039703793014805,-3.9663489625685786,hold,short,short,short,short,short,2018Q2,5.442241948249194,5.732003453110666,6.033333333333333,5.43956043956044,16.959600200843067,14.49596881718373,3.35,5.714285714285714,9.915398388894518,9.781630468991857
2018-08-16,NVDA,6.547500133514404,6.435999870300293,6.120500087738037,6.196000099182129,6.671000003814697,6.897500038146973,6.945250034332275,-1.7029440388000878,-6.521573685668224,-5.368461659635063,1.886214093652928,5.345550171752408,6.074836085637111,short,short,short,buy,buy,buy,2018Q3,5.808180178046379,6.829761765151596,6.0701754385964914,5.853658536585366,19.128080608172997,18.235533067971552,3.3508771929824563,5.987804878048781,10.592516840584995,10.098496274021628
2018-11-15,NVDA,4.923749923706055,5.059750080108643,4.110750198364258,3.617500066757202,3.625,3.843250036239624,4.085750102996826,2.7621255853754247,-16.51179970427622,-26.52957354027542,-26.37725196913533,-21.944654058570663,-17.01954473103043,hold,short,short,short,short,short,2018Q4,5.598345141440306,6.775342130458467,5.774193548387097,5.472527472527473,16.983681643499303,16.238613691511233,2.903225806451613,4.626373626373627,10.694375219703687,10.152683948734463
2019-02-14,NVDA,3.821000099182129,3.8632500171661377,3.933500051498413,3.9159998893737793,3.979749917984009,3.927500009536743,3.911250114440918,1.1057293087496185,2.9442541061531085,2.4862545858605123,4.154666701941716,2.787226055749388,2.361947472288911,hold,buy,buy,buy,hold,hold,2019Q1,6.173406967469831,7.105445567974636,6.135593220338983,5.52808988764045,16.579607629432005,18.45143943085388,2.7966101694915255,5.47191011235955,9.726206435398367,8.861725703169485
2019-05-16,NVDA,3.9839999675750737,4.004749774932861,3.913249969482422,3.793750047683716,3.683000087738037,3.583250045776367,3.3864998817443848,0.52082850217536,-1.7758533802326937,-4.77534943372894,-7.555217928885794,-10.058984062759144,-14.9974922362855,hold,hold,hold,short,short,short,2019Q2,5.766990880430568,5.688405234199693,6.175438596491228,5.714285714285714,18.07172649393548,17.897489141550047,3.6666666666666665,5.595238095238095,9.7585168777997,10.71310086315064
2019-08-15,NVDA,3.770750045776367,3.719249963760376,3.989000082015991,4.269499778747559,4.2870001792907715,4.136250019073486,4.175000190734863,-1.365778197726913,5.787974105684539,13.226804400091252,13.690913670946134,9.693031064377156,10.72068262417177,short,buy,buy,buy,buy,buy,2019Q3,5.77872671396406,6.720068128290344,6.0,5.536585365853658,18.525889937904086,18.835935130069164,3.877192982456141,6.060975609756097,9.92743748462912,10.113236723111978
2019-11-14,NVDA,5.223249912261963,5.244750022888184,5.104750156402588,5.307000160217285,5.254499912261963,5.530250072479248,5.418499946594238,0.411623241992454,-2.268697800217985,1.6034126140262297,0.5982865174924586,5.877569815232844,3.7380948185900817,hold,short,hold,buy,buy,buy,2019Q4,5.767259911757675,6.406825913243659,6.148148148148148,5.341772151898734,16.353065195385234,18.27484107260689,3.8333333333333335,5.6455696202531644,10.20346678219963,9.823200791666649
2020-02-13,NVDA,6.755249977111816,6.769499778747559,7.244750022888184,7.414249897003174,7.351749897003174,6.551249980926514,6.7517499923706055,0.2109441054590645,7.246216608340099,9.75537429590593,8.830167971761556,-3.019873385537129,-0.0518113282716347,hold,buy,buy,buy,hold,hold,2020Q1,5.247954863561504,6.722930244876936,6.113207547169812,5.551724137931035,17.18818342704784,17.71603809326658,4.245283018867925,5.563218390804598,9.92215636191576,9.338885109878456
2020-05-21,NVDA,9.05150032043457,8.775250434875488,9.026249885559082,8.71774959564209,8.875499725341797,8.825249671936035,8.920000076293945,-3.0519789623762508,-0.2789640830977288,-3.687242036980415,-1.9444356058347187,-2.499592780080382,-1.4528005246130464,short,hold,short,short,short,short,2020Q2,6.73345699346936,6.981765580918364,5.796610169491525,5.318181818181818,16.576913979155798,14.844370176884954,3.23728813559322,5.511363636363637,7.442534216404928,10.243039212402858
2020-08-19,NVDA,12.296500205993652,12.138500213623049,12.140999794006348,12.683500289916992,12.77299976348877,13.147749900817873,14.346500396728516,-1.284918389165658,-1.2645908135024428,3.147237648438418,3.8750827431601897,6.922698983970221,16.671411835829815,hold,hold,buy,buy,buy,buy,2020Q3,5.484205673788618,6.7656713117325715,6.28,5.653333333333333,20.630681568702556,15.851292093016074,4.24,6.2,8.561956526512882,9.904387034198953
2020-11-18,NVDA,13.465250015258787,13.428750038146973,13.440250396728516,13.087750434875488,13.234749794006348,13.40149974822998,13.395999908447266,-0.2710679495030149,-0.185660262542054,-2.8035096263011763,-1.7118153839790504,-0.4734428767127751,-0.5142875678732246,hold,hold,short,short,short,short,2020Q4,4.688219159361388,5.883764555703268,6.043478260869565,5.693333333333333,15.118451933166613,14.529863628838724,4.804347826086956,6.293333333333333,11.031535810709524,8.119397345558056
2021-02-24,NVDA,14.122750282287598,14.49899959564209,13.307499885559082,13.714500427246094,12.804750442504885,12.46150016784668,12.468250274658203,2.66413627539938,-5.772603639044601,-2.890724872148456,-9.332458716881211,-11.762936264081768,-11.715140284710884,hold,short,short,short,short,short,2021Q1,4.6479758229067825,6.813554454525875,5.68,5.27906976744186,17.465919951029953,16.900623512891137,4.52,5.569767441860465,9.6637274130675,10.925129586850796
2021-05-26,NVDA,15.73425006866455,15.699999809265137,15.48799991607666,16.24449920654297,16.969749450683594,17.618999481201172,17.424999237060547,-0.2176796431348511,-1.5650580835645205,3.242919971728436,7.85229277930185,11.978641526043765,10.745660969016866,hold,short,buy,buy,buy,buy,2021Q2,4.654477417715397,6.022423837022474,6.097560975609756,5.7384615384615385,16.80092157115894,16.42749460429588,4.902439024390244,6.369230769230769,9.553154798133496,9.592747517611208
2021-08-18,NVDA,19.5,19.040000915527344,19.79800033569336,20.81599998474121,22.21299934387207,22.63599967956543,22.44099998474121,-2.358969663962339,1.5282068497095351,6.748717870467748,13.9128171480619,16.082049638797073,15.08205120380108,short,buy,buy,buy,buy,buy,2021Q3,4.881699868134973,6.127699021428452,6.324324324324325,5.71875,17.59729554307557,16.752789208563648,4.216216216216216,6.4375,11.09145494168346,10.725507167018613
2021-11-17,NVDA,30.417999267578125,29.26099967956543,31.674999237060547,32.98500061035156,32.67399978637695,33.375999450683594,32.125999450683594,-3.803667617435693,4.132421591653566,8.439086740032726,7.416663071602639,9.724506063284498,5.615097061712367,short,buy,buy,buy,buy,buy,2021Q4,6.028075582123782,6.6871493871075804,5.953488372093023,5.486486486486487,16.50403614719571,19.09681203396175,4.116279069767442,5.972972972972973,10.606868960006295,10.101755125698674
2022-02-16,NVDA,26.25900077819824,26.51099967956543,24.506999969482425,23.642000198364254,23.74799919128418,24.385000228881836,23.714000701904297,0.9596667576795676,-6.67200105409355,-9.966108771384672,-9.56244149624628,-7.136602664912943,-9.691915156219324,hold,short,short,short,short,short,2022Q1,4.748752124909026,6.031030813236511,6.14,5.635135135135135,19.050933464429765,20.087190283668036,4.18,6.027027027027027,9.511222033543689,9.601797184889412
2022-05-25,NVDA,16.020000457763672,16.975000381469727,17.85099983215332,18.81100082397461,19.59199905395508,18.785999298095703,18.04800033569336,5.961297730445689,11.429458939261783,17.42197432246859,22.297119189283983,17.26590987075511,12.65917490624584,buy,buy,buy,buy,buy,buy,2022Q2,5.455050139414122,7.673945394001934,6.1395348837209305,5.507042253521127,15.982396434554593,17.268876376347723,3.558139534883721,5.619718309859155,11.259144086153857,9.67135890404256
2022-08-24,NVDA,17.011999130249023,17.222000122070312,17.913000106811523,16.260000228881836,15.093999862670898,13.647000312805176,13.989999771118164,1.2344286536429834,5.296267473705844,-4.420402890980983,-11.27439081611362,-19.780149244544372,-17.763928483616276,buy,buy,short,short,short,short,2022Q3,4.845144819455305,5.888330970683181,6.326530612244898,5.67948717948718,15.377396402825037,17.430765251965788,3.5714285714285716,5.551282051282051,10.2102199590581,10.272989681473607
2022-11-16,NVDA,16.16200065612793,15.90999984741211,15.677000045776367,15.409000396728516,16.518999099731445,15.82699966430664,17.135000228881836,-1.5592179092027976,-3.000869884061484,-4.6590782627762675,2.2088753193321846,-2.0727693244726555,6.020291630077288,hold,short,short,buy,hold,buy,2022Q4,4.757263320060459,5.951506792002603,5.919354838709677,5.766666666666667,17.606971462614965,19.192271664028933,1.467741935483871,3.688888888888889,11.385342221042954,9.94889116744379
2023-02-22,NVDA,20.707000732421875,20.753999710083008,23.663999557495117,23.285999298095703,22.697999954223633,23.88999938964844,24.180999755859375,0.2269714396037298,14.280188923948495,12.454718087857962,9.615101904566805,15.371606435705578,16.776930026365935,buy,buy,buy,buy,buy,buy,2023Q1,5.7931509371746195,7.134519165759432,6.019230769230769,5.662650602409639,19.929991543744833,18.18743581226569,2.8076923076923075,5.493975903614458,9.132294704666975,10.02684852853277
2023-05-24,NVDA,30.209999084472656,30.538000106811523,37.97999954223633,38.94599914550781,39.77000045776367,39.17100143432617,38.5099983215332,1.085736617938043,25.719962572780407,28.917578039667298,31.645156117216395,29.662372133136856,27.47434455013467,buy,buy,buy,buy,buy,buy,2023Q2,5.855826882371584,6.5984848647625425,6.116666666666666,5.67741935483871,19.648951324933385,16.10705809416879,2.8833333333333333,5.655913978494624,9.12484061715095,10.56991431588657
2023-08-23,NVDA,45.86600112915039,47.11600112915039,47.16299819946289,46.01800155639648,49.26399993896485,48.50899887084961,46.24100112915039,2.725330242940136,2.827796272581929,0.3314010890508809,7.408535137489534,5.762433341980291,0.8175990728820409,hold,buy,buy,buy,buy,hold,2023Q3,5.190158741740723,6.796874628240186,6.14,5.87012987012987,19.12730527362409,18.60064870159619,4.6,5.818181818181818,9.557183888604122,9.68280278239479
2023-11-21,NVDA,50.125999450683594,49.944000244140625,48.71599960327149,47.7760009765625,48.13999938964844,46.76499938964844,45.50299835205078,-0.3630834467889831,-2.812911189530168,-4.6881827791446575,-3.9620158855666903,-6.705103335329747,-9.222760941018535,hold,short,short,short,short,short,2023Q4,5.188231302029818,6.314227083984585,6.208333333333333,5.671052631578948,17.51298803029161,19.324501417821928,2.8541666666666665,4.907894736842105,10.319959501137426,9.527891918128825
2024-02-21,NVDA,68.00599670410156,67.47200012207031,78.53800201416016,78.81700134277344,77.66300201416016,82.27899932861328,88.69999694824219,-0.7852198451773352,15.486877364483052,15.89713431553874,14.20022612428848,20.98785888928952,30.429669804240262,short,buy,buy,buy,buy,buy,2024Q1,4.521017932002663,6.479142981798599,6.304347826086956,5.8493150684931505,15.207925437801972,17.657680990664122,3.608695652173913,5.945205479452055,11.402762831040256,9.832897080305813
,,,,,,,,,,,,,,,,,,,,,2024Q2,6.3363629796011205,5.47485475574187,6.1923076923076925,5.7105263157894735,16.32629968401984,17.971467119402543,4.326923076923077,5.7894736842105265,11.467688088352732,11.034082543333394
,,,,,,,,,,,,,,,,,,,,,2024Q3,,,6.32258064516129,5.448979591836735,,,3.774193548387097,6.204081632653061,,
